<?xml version="1.0" encoding="UTF-8"?>
<beans xmlns="http://www.springframework.org/schema/beans"
       xmlns:xsi="http://www.w3.org/2001/XMLSchema-instance"
       xmlns:tx="http://www.springframework.org/schema/tx"
       xmlns:rdb="http://www.dangdang.com/schema/ddframe/rdb"
       xsi:schemaLocation="http://www.springframework.org/schema/beans
	   http://www.springframework.org/schema/beans/spring-beans-3.2.xsd


   	   http://www.springframework.org/schema/tx
   	   http://www.springframework.org/schema/tx/spring-tx-3.2.xsd


   	   http://www.dangdang.com/schema/ddframe/rdb
       http://www.dangdang.com/schema/ddframe/rdb/rdb.xsd">


    <!-- 基于Druid数据库链接池的数据源配置 -->
    <bean id="druidDataSource" class="com.alibaba.druid.pool.DruidDataSource" init-method="init" destroy-method="close"
          primary="true">
        <!-- 基本属性driverClassName、 url、user、password -->
        <property name="driverClassName" value="com.mysql.jdbc.Driver"/>
        <property name="url" value="${jdbc.url}"/>
        <property name="username" value="${jdbc.username}"/>
        <property name="password" value="${jdbc.password}"/>
        <!-- 配置初始化大小、最小、最大 -->
        <!-- 通常来说，只需要修改initialSize、minIdle、maxActive -->
        <property name="initialSize" value="2"/>
        <property name="minIdle" value="2"/>
        <property name="maxActive" value="20"/>
        <property name="testWhileIdle" value="true"/>

        <!-- 这里建议配置为TRUE，防止取到的连接不可用 -->
        <property name="testOnBorrow" value="true"/>
        <property name="testOnReturn" value="false"/>


        <!-- 验证连接有效与否的SQL，不同的数据配置不同 -->
        <property name="validationQuery" value="select 1 "/>

        <!-- 配置获取连接等待超时的时间 -->
        <property name="maxWait" value="3000"/>
        <!-- 配置一个连接在池中最小生存的时间，单位是毫秒 -->
        <property name="minEvictableIdleTimeMillis" value="300000"/>
        <!-- 配置间隔多久才进行一次检测，检测需要关闭的空闲连接，单位是毫秒 -->
        <property name="timeBetweenEvictionRunsMillis" value="60000"/>
        <!-- 解密密码必须要配置的项 -->
        <property name="filters" value="config"/>
        <property name="connectionProperties" value="config.decrypt=false"/>
    </bean>

    <!-- MyBatis SqlSessionFactoryBean 配置 -->
    <bean id="sqlSessionFactory" class="com.baomidou.mybatisplus.spring.MybatisSqlSessionFactoryBean">
        <property name="dataSource" ref="druidDataSource"/>
        <property name="configLocation" value="classpath:mybatis/mybatis-config.xml"/>
        <property name="typeAliasesPackage" value="com.neo.cornerstone.message.model"/>
        <property name="mapperLocations" value="classpath:mybatis/xml/*.xml"/>
        <property name="plugins">
            <array>
                <!-- 分页插件配置 -->
                <bean id="paginationInterceptor" class="com.baomidou.mybatisplus.plugins.PaginationInterceptor">
                    <property name="dialectType" value="mysql"/>
                </bean>
            </array>
        </property>
    </bean>

    <!-- 加载 mapper.xml 接口 配置文件 -->
    <!--	<bean id="mapperScannerConfigurer" class="org.mybatis.spring.mapper.MapperScannerConfigurer">
            <property name="basePackage" value="com.neo.cornerstone.message.mapper" />
        </bean>-->


    <!--======= 事务配置 Begin ================= -->
    <!-- 事务管理器（由Spring管理MyBatis的事务） -->
    <bean id="transactionManager" class="org.springframework.jdbc.datasource.DataSourceTransactionManager">
        <!-- 关联数据源 -->
        <property name="dataSource" ref="druidDataSource"></property>
    </bean>
    <!--======= 事务配置 End =================== -->
    <!-- enables scanning for @Transactional annotations -->
    <tx:annotation-driven proxy-target-class="true" transaction-manager="transactionManager"/>
    <bean id="jdbcTemplate" class="org.springframework.jdbc.core.JdbcTemplate">
        <property name="dataSource" ref="druidDataSource"/>
    </bean>
</beans>
