<configuration>
    <contextName>jcweb-5007-management</contextName>


    <!-- 控制台输出 -->
    <appender name="STDOUT" class="ch.qos.logback.core.ConsoleAppender">
        <encoder>
            <!--<pattern>[%d][%-5level][%contextName][%X{transId}][%logger{0}:%L] %m%n</pattern>-->
            <pattern>%-5level [%contextName][%X{transId}] %d{yyyy-MM-dd HH:mm:ss.SSS} [%thread] %logger - %msg%n</pattern>
            <charset>UTF-8</charset>
        </encoder>
    </appender>

    <appender name="ASYNC" class="ch.qos.logback.classic.AsyncAppender">
        <appender-ref ref="STDOUT" />
        <queueSize>100000</queueSize>
    </appender>

    <appender name="rollingFile"  class="ch.qos.logback.core.rolling.RollingFileAppender">
        <File>/log/jcweb/jcweb-5007-management/jcweb-5007-management.log</File>
        <filter class="ch.qos.logback.classic.filter.ThresholdFilter">
            <level>DEBUG</level>
        </filter>
        <rollingPolicy class="ch.qos.logback.core.rolling.TimeBasedRollingPolicy">
            <!--日志文件输出的文件名-->
            <fileNamePattern>/log/jcweb/jcweb-5007-management/jcweb-5007-management_%d{yyyy-MM-dd}.log</fileNamePattern>
            <maxHistory>30</maxHistory>
        </rollingPolicy>
        <encoder>
            <pattern>%-5level [%contextName][%X{transId}] %d{yyyy-MM-dd HH:mm:ss.SSS} [%thread] %logger - %msg%n</pattern>
            <charset>UTF-8</charset>
        </encoder>
    </appender>

    <root level="INFO">
        <appender-ref ref="STDOUT" />
        <appender-ref ref="rollingFile" />
    </root>
</configuration>
