<?xml version="1.0" encoding="UTF-8"?>
<!DOCTYPE mapper PUBLIC "-//mybatis.org//DTD Mapper 3.0//EN" "http://mybatis.org/dtd/mybatis-3-mapper.dtd">
<mapper namespace="com.neo.cornerstone.management.admin.mapper.MenuMapper">
    <!-- t_menu table all BaseResultMap-->
    <resultMap id="BaseResultMap" type="com.neo.cornerstone.management.admin.model.Menu">
        <result column="id"  property="id" jdbcType="BIGINT"/>
        <result column="name"  property="name" jdbcType="VARCHAR"/>
        <result column="level"  property="level" jdbcType="INTEGER"/>
        <result column="url"  property="url" jdbcType="VARCHAR"/>
        <result column="parameter"  property="parameter" jdbcType="VARCHAR"/>
        <result column="parentId"  property="parentId" jdbcType="BIGINT"/>
        <result column="state"  property="state" jdbcType="INTEGER"/>
        <result column="createTime"  property="createTime" jdbcType="TIMESTAMP"/>
        <result column="modTime"  property="modTime" jdbcType="TIMESTAMP"/>
    </resultMap>
    <resultMap id="ExtBaseResultMap" type="com.neo.cornerstone.management.admin.model.ext.MenuExt"
               extends="com.neo.cornerstone.management.admin.mapper.MenuMapper.BaseResultMap">
        <collection property="permissionList" column="id" javaType="ArrayList" ofType="com.neo.cornerstone.management.admin.model.Permission"
                    select="com.neo.cornerstone.management.admin.mapper.PermissionMapper.queryListByMenu" />
    </resultMap>
    <!-- t_menu table all fields-->
    <sql id="Base_Column_List" >
        t.id,
        t.name,
        t.level,
        t.url,
        t.parameter,
        t.parentId,
        t.state,
        t.createTime,
        t.modTime
    </sql>
    <!-- 查询条件 -->
    <sql id="Example_Where_Clause">
        <where>
            <if test="id != null ">
                AND t.id=#{id,jdbcType=BIGINT}
            </if>
            <if test="name != null and name != ''">
                AND t.name=#{name,jdbcType=VARCHAR}
            </if>
            <if test="level != null ">
                AND t.level=#{level,jdbcType=INTEGER}
            </if>
            <if test="parameter != null ">
                AND t.parameter=#{parameter,jdbcType=INTEGER}
            </if>
            <if test="url != null and url != ''">
                AND t.url=#{url,jdbcType=VARCHAR}
            </if>
            <if test="parentId != null ">
                AND t.parentId=#{parentId,jdbcType=BIGINT}
            </if>
            <if test="state != null ">
                AND t.state=#{state,jdbcType=INTEGER}
            </if>
            <if test="createTime != null ">
                AND t.createTime=#{createTime,jdbcType=TIMESTAMP}
            </if>
            <if test="modTime != null ">
                AND t.modTime=#{modTime,jdbcType=TIMESTAMP}
            </if>
        </where>
    </sql>
    <!-- 插入记录 -->
    <insert id="saveModel"  keyProperty="id" useGeneratedKeys="true" parameterType="com.neo.cornerstone.management.admin.model.Menu" >
        INSERT INTO t_menu(name,level,url,parameter,parentId,state,createTime,modTime)
        VALUES(#{name,jdbcType=VARCHAR},#{level,jdbcType=INTEGER},#{url,jdbcType=VARCHAR},#{parameter,jdbcType=VARCHAR},#{parentId,jdbcType=BIGINT},#{state,jdbcType=INTEGER},#{createTime,jdbcType=TIMESTAMP},#{modTime,jdbcType=TIMESTAMP})
    </insert>
    <!--批量插入记录 -->
    <insert id="saveListModel" parameterType="java.util.List">
        INSERT INTO t_menu(name,level,url,parameter,parentId,state,createTime,modTime) VALUES
        <foreach collection="list" item="item" index="index" separator=",">
            (#{item.name,jdbcType=VARCHAR},#{item.level,jdbcType=INTEGER},#{item.url,jdbcType=VARCHAR},#{item.parameter,jdbcType=VARCHAR},#{item.parentId,jdbcType=BIGINT},#{item.state,jdbcType=INTEGER},#{item.createTime,jdbcType=TIMESTAMP},#{item.modTime,jdbcType=TIMESTAMP})
        </foreach>
    </insert>
    <!-- 删除记录 -->
    <update id="deleteById">
        DELETE FROM  t_menu  WHERE id=#{id,jdbcType=BIGINT}
    </update>

    <!-- 使记录无效 -->
    <update id="disableRecordById">
        UPDATE t_menu set state = 0 WHERE id=#{id,jdbcType=BIGINT} and state <![CDATA[<>]]> 0
    </update>
    <!--批量删除-->
    <delete id="deleteByCondition" parameterType="com.neo.cornerstone.management.admin.model.params.BaseParams" >
        DELETE t FROM t_menu t
        <include refid="Example_Where_Clause"/>
    </delete>

    <!-- 修改记录，只修改只不为空的字段 -->
    <update id="updateById" parameterType="com.neo.cornerstone.management.admin.model.Menu" >
        UPDATE t_menu
        <set>
            <if test="name != null and name != ''">
                name=#{name,jdbcType=VARCHAR},
            </if>
            <if test="level != null ">
                level=#{level,jdbcType=INTEGER},
            </if>
            <if test="url != null and url != ''">
                url=#{url,jdbcType=VARCHAR},
            </if>
            <if test="parameter != null and parameter != ''">
                parameter=#{parameter,jdbcType=VARCHAR},
            </if>
            <if test="parentId != null ">
                parentId=#{parentId,jdbcType=BIGINT},
            </if>
            <if test="state != null ">
                state=#{state,jdbcType=INTEGER},
            </if>
            <if test="createTime != null ">
                createTime=#{createTime,jdbcType=TIMESTAMP},
            </if>
            <if test="modTime != null ">
                modTime=#{modTime,jdbcType=TIMESTAMP}
            </if>
        </set>
        WHERE id=#{id,jdbcType=BIGINT}
    </update>

    <!-- 使记录生效 -->
    <update id="enableRecordById">
        UPDATE t_menu
        <set>
            state=1
        </set>
        WHERE id=#{id,jdbcType=BIGINT}
    </update>
    <!-- 根据id查询记录 -->
    <select id="queryById"  resultMap="BaseResultMap">
        SELECT <include refid="Base_Column_List" />
        FROM t_menu t WHERE t.id=#{id,jdbcType=BIGINT}
    </select>
    <!-- 根据条件查询记录 -->
    <select id="queryByCondition"  resultMap="BaseResultMap" parameterType="com.neo.cornerstone.management.admin.model.params.BaseParams" >
        SELECT <include refid="Base_Column_List" />
        FROM t_menu t
        <include refid="Example_Where_Clause"/>
    </select>
    <!-- 根据条件查询记录 -->
    <select id="queryListByCondition"  resultMap="BaseResultMap" parameterType="com.neo.cornerstone.management.admin.model.params.BaseParams" >
        SELECT <include refid="Base_Column_List" />
        FROM t_menu t
        <include refid="Example_Where_Clause"/>
    </select>
    <select id="queryListByConditionExt"  resultMap="ExtBaseResultMap" parameterType="com.neo.cornerstone.management.admin.model.params.BaseParams" >
        SELECT <include refid="Base_Column_List" />
        FROM t_menu t
        <include refid="Example_Where_Clause"/>
    </select>


    <!-- 列表总数-->
    <select id="queryCountByCondition" resultType="java.lang.Integer">
        SELECT COUNT(1) FROM t_menu t
        <include refid="Example_Where_Clause"/>
    </select>
</mapper>