<?xml version="1.0" encoding="UTF-8"?>
<!DOCTYPE mapper PUBLIC "-//mybatis.org//DTD Mapper 3.0//EN" "http://mybatis.org/dtd/mybatis-3-mapper.dtd">
<mapper namespace="com.neo.cornerstone.management.admin.mapper.PermissionMapper">
    <!-- t_permission table all BaseResultMap-->
    <resultMap id="BaseResultMap" type="com.neo.cornerstone.management.admin.model.Permission">
        <result column="id"  property="id" jdbcType="BIGINT"/>
        <result column="type"  property="type" jdbcType="INTEGER"/>
        <result column="name"  property="name" jdbcType="VARCHAR"/>
        <result column="permission"  property="permission" jdbcType="VARCHAR"/>
        <result column="menuId"  property="menuId" jdbcType="BIGINT"/>
        <result column="state"  property="state" jdbcType="INTEGER"/>
        <result column="createTime"  property="createTime" jdbcType="TIMESTAMP"/>
        <result column="modTime"  property="modTime" jdbcType="TIMESTAMP"/>
    </resultMap>
    <resultMap id="ExtBaseResultMap" type="com.neo.cornerstone.management.admin.model.ext.PermissionExt"
               extends="com.neo.cornerstone.management.admin.mapper.PermissionMapper.BaseResultMap">
        <result column="menuName"  property="menuName" jdbcType="VARCHAR"/>
    </resultMap>
    <!-- t_permission table all fields-->
    <sql id="Base_Column_List" >
        t.id,
        t.type,
        t.name,
        t.permission,
        t.menuId,
        t.state,
        t.createTime,
        t.modTime
    </sql>
    <sql id="Ext_Base_Column_List" >
        t.id,
        t.type,
        t.name,
        t.permission,
        t.menuId,
        t.state,
        t.createTime,
        t.modTime,
        t1.name as menuName
    </sql>
    <!-- 查询条件 -->
    <sql id="Example_Where_Clause">
        <where>
            <if test="id != null ">
                AND t.id=#{id,jdbcType=BIGINT}
            </if>
            <if test="type != null ">
                AND t.type=#{type,jdbcType=INTEGER}
            </if>
            <if test="name != null and name != ''">
                AND t.name=#{name,jdbcType=VARCHAR}
            </if>
            <if test="permission != null and permission != ''">
                AND t.permission=#{permission,jdbcType=VARCHAR}
            </if>
            <if test="menuId != null ">
                AND t.menuId=#{menuId,jdbcType=BIGINT}
            </if>
            <if test="state != null ">
                AND t.state=#{state,jdbcType=INTEGER}
            </if>
            <if test="createTime != null ">
                AND t.createTime=#{createTime,jdbcType=TIMESTAMP}
            </if>
            <if test="modTime != null ">
                AND t.modTime=#{modTime,jdbcType=TIMESTAMP}
            </if>

        </where>
    </sql>

    <sql id="Example_Where_Page_Clause">
        <where>
            <if test="id != null ">
                AND t.id=#{id,jdbcType=BIGINT}
            </if>
            <if test="type != null ">
                AND t.type=#{type,jdbcType=INTEGER}
            </if>
            <if test="name != null and name != ''">
                AND t.name=#{name,jdbcType=VARCHAR}
            </if>
            <if test="patternName != null and patternName != ''">
                AND t.name like concat('%',#{patternName,jdbcType=VARCHAR},'%')
            </if>
            <if test="permission != null and permission != ''">
                AND t.permission=#{permission,jdbcType=VARCHAR}
            </if>
            <if test="menuId != null ">
                AND t.menuId=#{menuId,jdbcType=BIGINT}
            </if>
            <if test="state != null ">
                AND t.state=#{state,jdbcType=INTEGER}
            </if>
            <if test="createTime != null ">
                AND t.createTime=#{createTime,jdbcType=TIMESTAMP}
            </if>
            <if test="modTime != null ">
                AND t.modTime=#{modTime,jdbcType=TIMESTAMP}
            </if>

        </where>
    </sql>

    <update id="deleteById">
        DELETE FROM  t_permission  WHERE id=#{id,jdbcType=BIGINT}
    </update>

    <!-- 插入记录 -->
    <insert id="saveModel"  keyProperty="id" useGeneratedKeys="true" parameterType="com.neo.cornerstone.management.admin.model.Permission" >
        INSERT INTO t_permission(type,name,permission,menuId,state,createTime,modTime)
        VALUES(#{type,jdbcType=INTEGER},#{name,jdbcType=VARCHAR},#{permission,jdbcType=VARCHAR},#{menuId,jdbcType=BIGINT},#{state,jdbcType=INTEGER},#{createTime,jdbcType=TIMESTAMP},#{modTime,jdbcType=TIMESTAMP})
    </insert>
    <!--批量插入记录 -->
    <insert id="saveListModel" parameterType="java.util.List">
        INSERT INTO t_permission(type,name,permission,menuId,state,createTime,modTime) VALUES
        <foreach collection="list" item="item" index="index" separator=",">
            (#{item.type,jdbcType=INTEGER},#{item.name,jdbcType=VARCHAR},#{item.permission,jdbcType=VARCHAR},#{item.menuId,jdbcType=BIGINT},#{item.state,jdbcType=INTEGER},#{item.createTime,jdbcType=TIMESTAMP},#{item.modTime,jdbcType=TIMESTAMP})
        </foreach>
    </insert>
    <!-- 使记录无效 -->
    <update id="disableRecordById">
        UPDATE t_permission set state = 0 WHERE id=#{id,jdbcType=BIGINT} and state <![CDATA[<>]]> 0
    </update>
    <!--批量删除-->
    <delete id="deleteByCondition" parameterType="com.neo.cornerstone.management.admin.model.params.BaseParams" >
        DELETE t FROM t_permission t
        <include refid="Example_Where_Clause"/>
    </delete>
    <!-- 修改记录，只修改只不为空的字段 -->
    <update id="updateById" parameterType="com.neo.cornerstone.management.admin.model.Permission" >
        UPDATE t_permission
        <set>
            <if test="type != null ">
                type=#{type,jdbcType=INTEGER},
            </if>
            <if test="name != null and name != ''">
                name=#{name,jdbcType=VARCHAR},
            </if>
            <if test="permission != null and permission != ''">
                permission=#{permission,jdbcType=VARCHAR},
            </if>
            <if test="menuId != null ">
                menuId=#{menuId,jdbcType=BIGINT},
            </if>
            <if test="state != null ">
                state=#{state,jdbcType=INTEGER},
            </if>
            <if test="createTime != null ">
                createTime=#{createTime,jdbcType=TIMESTAMP},
            </if>
            <if test="modTime != null ">
                modTime=#{modTime,jdbcType=TIMESTAMP}
            </if>
        </set>
        WHERE id=#{id,jdbcType=BIGINT}
    </update>

    <!-- 使记录生效 -->
    <update id="enableRecordById">
        UPDATE t_permission
        <set>
            state=1
        </set>
        WHERE id=#{id,jdbcType=BIGINT}
    </update>
    <!-- 根据id查询记录 -->
    <select id="queryById"  resultMap="BaseResultMap">
        SELECT <include refid="Base_Column_List" />
        FROM t_permission t WHERE t.id=#{id,jdbcType=BIGINT}
    </select>
    <!-- 根据条件查询记录 -->
    <select id="queryByCondition"  resultMap="BaseResultMap" parameterType="com.neo.cornerstone.management.admin.model.params.BaseParams" >
        SELECT <include refid="Base_Column_List" />
        FROM t_permission t
        <include refid="Example_Where_Clause"/>
    </select>
    <!-- 根据条件查询记录 -->
    <select id="queryListByCondition"  resultMap="BaseResultMap" parameterType="com.neo.cornerstone.management.admin.model.params.BaseParams" >
        SELECT <include refid="Base_Column_List" />
        FROM t_permission t
        <include refid="Example_Where_Clause"/>
    </select>
    <select id="queryListByMenu"  resultMap="BaseResultMap">
        SELECT <include refid="Base_Column_List" />
        FROM t_permission t
        where t.menuId = #{menuId,jdbcType=BIGINT}
    </select>


    <!-- 列表总数-->
    <select id="queryCountByCondition" resultType="java.lang.Integer">
        SELECT COUNT(1) FROM t_permission t
        <include refid="Example_Where_Clause"/>
    </select>

    <select id="queryPageListExt" resultMap="ExtBaseResultMap">
        SELECT
        <include refid="Ext_Base_Column_List"/>
        FROM t_permission t left join t_menu t1 on t.menuId = t1.id
        <include refid="Example_Where_Page_Clause"/>
        order by t.id desc limit #{offset,jdbcType=BIGINT},#{pageSize,jdbcType=BIGINT}
    </select>
    <!-- 列表总数-->
    <select id="queryPageCountListExt" resultType="java.lang.Integer">
        SELECT COUNT(1) FROM t_permission t
        <include refid="Example_Where_Page_Clause"/>
    </select>
</mapper>