<?xml version="1.0" encoding="UTF-8"?>
<!DOCTYPE mapper PUBLIC "-//mybatis.org//DTD Mapper 3.0//EN" "http://mybatis.org/dtd/mybatis-3-mapper.dtd">
<mapper namespace="com.neo.cornerstone.management.admin.mapper.RolePermissionMapper">
    <!-- t_role_permission table all BaseResultMap-->
    <resultMap id="BaseResultMap" type="com.neo.cornerstone.management.admin.model.RolePermission">
        <result column="id"  property="id" jdbcType="BIGINT"/>
        <result column="roleId"  property="roleId" jdbcType="BIGINT"/>
        <result column="permissionId"  property="permissionId" jdbcType="BIGINT"/>
        <result column="state"  property="state" jdbcType="INTEGER"/>
        <result column="createTime"  property="createTime" jdbcType="TIMESTAMP"/>
        <result column="modTime"  property="modTime" jdbcType="TIMESTAMP"/>
    </resultMap>
    <resultMap id="ExtBaseResultMap" type="com.neo.cornerstone.management.admin.model.ext.RolePermissionExt"
               extends="com.neo.cornerstone.management.admin.mapper.RolePermissionMapper.BaseResultMap">
        <association property="permission" javaType="com.neo.cornerstone.management.admin.model.Permission">
            <result column="permissionId"  property="id" jdbcType="BIGINT"/>
            <result column="type"  property="type" jdbcType="INTEGER"/>
            <result column="name"  property="name" jdbcType="VARCHAR"/>
            <result column="permission"  property="permission" jdbcType="VARCHAR"/>
            <result column="menuId"  property="menuId" jdbcType="BIGINT"/>
            <result column="permissionState"  property="state" jdbcType="INTEGER"/>
        </association>
    </resultMap>
    <!-- t_role_permission table all fields-->
    <sql id="Base_Column_List" >
        t.id,
        t.roleId,
        t.permissionId,
        t.state,
        t.createTime,
        t.modTime
    </sql>
    <sql id="ExtBase_Column_List" >
        t.id,
        t.roleId,
        t.permissionId,
        t.state,
        t.createTime,
        t.modTime,
        t1.type,
        t1.name,
        t1.permission,
        t1.menuId,
        t1.state as permissionState
    </sql>

    <!-- 查询条件 -->
    <sql id="Example_Where_Clause">
        <where>
            <if test="id != null ">
                AND t.id=#{id,jdbcType=BIGINT}
            </if>
            <if test="roleId != null ">
                AND t.roleId=#{roleId,jdbcType=BIGINT}
            </if>
            <if test="permissionId != null ">
                AND t.permissionId=#{permissionId,jdbcType=BIGINT}
            </if>
            <if test="state != null ">
                AND t.state=#{state,jdbcType=INTEGER}
            </if>
            <if test="createTime != null ">
                AND t.createTime=#{createTime,jdbcType=TIMESTAMP}
            </if>
            <if test="modTime != null ">
                AND t.modTime=#{modTime,jdbcType=TIMESTAMP}
            </if>

        </where>
    </sql>

    <update id="deleteById">
        DELETE FROM  t_role_permission  WHERE id=#{id,jdbcType=BIGINT}
    </update>

    <!-- 插入记录 -->
    <insert id="saveModel"  keyProperty="id" useGeneratedKeys="true" parameterType="com.neo.cornerstone.management.admin.model.RolePermission" >
        INSERT INTO t_role_permission(roleId,permissionId,state,createTime,modTime)
        VALUES(#{roleId,jdbcType=BIGINT},#{permissionId,jdbcType=BIGINT},#{state,jdbcType=INTEGER},#{createTime,jdbcType=TIMESTAMP},#{modTime,jdbcType=TIMESTAMP})
    </insert>
    <!--批量插入记录 -->
    <insert id="saveListModel" parameterType="java.util.List">
        INSERT INTO t_role_permission(roleId,permissionId,state,createTime,modTime) VALUES
        <foreach collection="list" item="item" index="index" separator=",">
            (#{item.roleId,jdbcType=BIGINT},#{item.permissionId,jdbcType=BIGINT},#{item.state,jdbcType=INTEGER},#{item.createTime,jdbcType=TIMESTAMP},#{item.modTime,jdbcType=TIMESTAMP})
        </foreach>
    </insert>
    <!-- 使记录无效 -->
    <update id="disableRecordById">
        UPDATE t_role_permission set state = 0 WHERE id=#{id,jdbcType=BIGINT} and state <![CDATA[<>]]> 0
    </update>
    <!--批量删除-->
    <delete id="deleteByCondition" parameterType="com.neo.cornerstone.management.admin.model.params.BaseParams" >
        DELETE t FROM t_role_permission t
        <include refid="Example_Where_Clause"/>
    </delete>
    <!-- 修改记录，只修改只不为空的字段 -->
    <update id="updateById" parameterType="com.neo.cornerstone.management.admin.model.RolePermission" >
        UPDATE t_role_permission
        <set>
            <if test="roleId != null ">
                roleId=#{roleId,jdbcType=BIGINT},
            </if>
            <if test="permissionId != null ">
                permissionId=#{permissionId,jdbcType=BIGINT},
            </if>
            <if test="state != null ">
                state=#{state,jdbcType=INTEGER},
            </if>
            <if test="createTime != null ">
                createTime=#{createTime,jdbcType=TIMESTAMP},
            </if>
            <if test="modTime != null ">
                modTime=#{modTime,jdbcType=TIMESTAMP}
            </if>
        </set>
        WHERE id=#{id,jdbcType=BIGINT}
    </update>

    <!-- 使记录生效 -->
    <update id="enableRecordById">
        UPDATE t_role_permission
        <set>
            state=1
        </set>
        WHERE id=#{id,jdbcType=BIGINT}
    </update>
    <!-- 根据id查询记录 -->
    <select id="queryById"  resultMap="BaseResultMap">
        SELECT <include refid="Base_Column_List" />
        FROM t_role_permission t WHERE t.id=#{id,jdbcType=BIGINT}
    </select>

    <select id="queryByRoleId"  resultMap="ExtBaseResultMap">
        SELECT <include refid="ExtBase_Column_List" />
        FROM t_role_permission t left join t_permission t1 on t.permissionId = t1.id WHERE t.roleId=#{roleId,jdbcType=BIGINT}
    </select>

    <!-- 根据条件查询记录 -->
    <select id="queryByCondition"  resultMap="BaseResultMap" parameterType="com.neo.cornerstone.management.admin.model.params.BaseParams" >
        SELECT <include refid="Base_Column_List" />
        FROM t_role_permission t
        <include refid="Example_Where_Clause"/>
    </select>
    <!-- 根据条件查询记录 -->
    <select id="queryListByCondition"  resultMap="BaseResultMap" parameterType="com.neo.cornerstone.management.admin.model.params.BaseParams" >
        SELECT <include refid="Base_Column_List" />
        FROM t_role_permission t
        <include refid="Example_Where_Clause"/>
    </select>
    <!-- 列表总数-->
    <select id="queryCountByCondition" resultType="java.lang.Integer">
        SELECT COUNT(1) FROM t_role_permission t
        <include refid="Example_Where_Clause"/>
    </select>
</mapper>