<?xml version="1.0" encoding="UTF-8"?>
<!DOCTYPE mapper PUBLIC "-//mybatis.org//DTD Mapper 3.0//EN" "http://mybatis.org/dtd/mybatis-3-mapper.dtd">
<mapper namespace="com.neo.cornerstone.management.admin.mapper.UserMapper">
    <!-- t_user table all BaseResultMap-->
    <resultMap id="BaseResultMap" type="com.neo.cornerstone.management.admin.model.User">
        <result column="id"  property="id" jdbcType="BIGINT"/>
        <result column="username"  property="username" jdbcType="VARCHAR"/>
        <result column="realName"  property="realName" jdbcType="VARCHAR"/>
        <result column="email"  property="email" jdbcType="VARCHAR"/>
        <result column="mobile"  property="mobile" jdbcType="VARCHAR"/>
        <result column="pwd"  property="pwd" jdbcType="VARCHAR"/>
        <result column="orgId"  property="orgId" jdbcType="BIGINT"/>
        <result column="accountState"  property="accountState" jdbcType="INTEGER"/>
        <result column="pwdState"  property="pwdState" jdbcType="INTEGER"/>
        <result column="state"  property="state" jdbcType="INTEGER"/>
        <result column="createTime"  property="createTime" jdbcType="TIMESTAMP"/>
        <result column="modTime"  property="modTime" jdbcType="TIMESTAMP"/>
    </resultMap>
    <resultMap id="ExtBaseResultMap" type="com.neo.cornerstone.management.admin.model.ext.UserExt"
               extends="com.neo.cornerstone.management.admin.mapper.UserMapper.BaseResultMap">
        <result column="orgName"  property="orgName" jdbcType="VARCHAR"/>
        <collection property="roleList" column="id" javaType="ArrayList" ofType="com.neo.cornerstone.management.admin.model.ext.UserRoleExt"
                    select="com.neo.cornerstone.management.admin.mapper.UserRoleMapper.queryByUserId" />
    </resultMap>
    <!-- t_user table all fields-->
    <sql id="Base_Column_List" >
        t.id,
        t.username,
        t.realName,
        t.email,
        t.mobile,
        t.pwd,
        t.orgId,
        t.accountState,
        t.pwdState,
        t.state,
        t.createTime,
        t.modTime
    </sql>
    <sql id="Ext_Base_Column_List" >
        t.id,
        t.username,
        t.realName,
        t.email,
        t.mobile,
        t.pwd,
        t.orgId,
        t.accountState,
        t.pwdState,
        t.state,
        t.createTime,
        t.modTime,
        t1.name as orgName
    </sql>

    <!-- 查询条件 -->
    <sql id="Example_Where_Clause">
        <where>
            <if test="id != null ">
                AND t.id=#{id,jdbcType=BIGINT}
            </if>
            <if test="username != null and username != ''">
                AND t.username=#{username,jdbcType=VARCHAR}
            </if>
            <if test="realName != null and realName != ''">
                AND t.realName=#{realName,jdbcType=VARCHAR}
            </if>
            <if test="email != null and email != ''">
                AND t.email=#{email,jdbcType=VARCHAR}
            </if>
            <if test="mobile != null and mobile != ''">
                AND t.mobile=#{mobile,jdbcType=VARCHAR}
            </if>
            <if test="pwd != null and pwd != ''">
                AND t.pwd=#{pwd,jdbcType=VARCHAR}
            </if>
            <if test="orgId != null ">
                AND t.orgId=#{orgId,jdbcType=BIGINT}
            </if>
            <if test="accountState != null ">
                AND t.accountState=#{accountState,jdbcType=INTEGER}
            </if>
            <if test="pwdState != null ">
                AND t.pwdState=#{pwdState,jdbcType=INTEGER}
            </if>
            <if test="state != null ">
                AND t.state=#{state,jdbcType=INTEGER}
            </if>
            <if test="createTime != null ">
                AND t.createTime=#{createTime,jdbcType=TIMESTAMP}
            </if>
            <if test="modTime != null ">
                AND t.modTime=#{modTime,jdbcType=TIMESTAMP}
            </if>

        </where>
    </sql>

    <!-- 查询条件 -->
    <sql id="Example_Where_Page_Clause">
        <where>
            <if test="id != null ">
                AND t.id=#{id,jdbcType=BIGINT}
            </if>
            <if test="username != null and username != ''">
                AND t.username=#{username,jdbcType=VARCHAR}
            </if>
            <if test="patternName != null and patternName != ''">
                AND t.username like concat('%',#{patternName,jdbcType=VARCHAR},'%')
            </if>
            <if test="realName != null and realName != ''">
                AND t.realName=#{realName,jdbcType=VARCHAR}
            </if>
            <if test="email != null and email != ''">
                AND t.email=#{email,jdbcType=VARCHAR}
            </if>
            <if test="mobile != null and mobile != ''">
                AND t.mobile=#{mobile,jdbcType=VARCHAR}
            </if>
            <if test="pwd != null and pwd != ''">
                AND t.pwd=#{pwd,jdbcType=VARCHAR}
            </if>
            <if test="orgId != null ">
                AND t.orgId=#{orgId,jdbcType=BIGINT}
            </if>
            <if test="accountState != null ">
                AND t.accountState=#{accountState,jdbcType=INTEGER}
            </if>
            <if test="pwdState != null ">
                AND t.pwdState=#{pwdState,jdbcType=INTEGER}
            </if>
            <if test="state != null ">
                AND t.state=#{state,jdbcType=INTEGER}
            </if>
            <if test="createTime != null ">
                AND t.createTime=#{createTime,jdbcType=TIMESTAMP}
            </if>
            <if test="modTime != null ">
                AND t.modTime=#{modTime,jdbcType=TIMESTAMP}
            </if>

        </where>
    </sql>

    <update id="deleteById">
        DELETE FROM  t_user  WHERE id=#{id,jdbcType=BIGINT}
    </update>

    <!-- 插入记录 -->
    <insert id="saveModel"  keyProperty="id" useGeneratedKeys="true" parameterType="com.neo.cornerstone.management.admin.model.User" >
        INSERT INTO t_user(username,realName,email,mobile,pwd,orgId,accountState,pwdState,state,createTime,modTime)
        VALUES(#{username,jdbcType=VARCHAR},#{realName,jdbcType=VARCHAR},#{email,jdbcType=VARCHAR},#{mobile,jdbcType=VARCHAR},#{pwd,jdbcType=VARCHAR},#{orgId,jdbcType=BIGINT},#{accountState,jdbcType=INTEGER},#{pwdState,jdbcType=INTEGER},#{state,jdbcType=INTEGER},#{createTime,jdbcType=TIMESTAMP},#{modTime,jdbcType=TIMESTAMP})
    </insert>
    <!--批量插入记录 -->
    <insert id="saveListModel" parameterType="java.util.List">
        INSERT INTO t_user(username,pwd,orgId,accountState,pwdState, state,createTime,modTime) VALUES
        <foreach collection="list" item="item" index="index" separator=",">
            (#{item.username,jdbcType=VARCHAR},#{item.realName,jdbcType=VARCHAR},#{item.email,jdbcType=VARCHAR},#{item.mobile,jdbcType=VARCHAR},#{item.pwd,jdbcType=VARCHAR},#{item.orgId,jdbcType=BIGINT},#{item.accountState,jdbcType=INTEGER},#{item.pwdState,jdbcType=INTEGER},#{item.state,jdbcType=INTEGER},#{item.createTime,jdbcType=TIMESTAMP},#{item.modTime,jdbcType=TIMESTAMP})
        </foreach>
    </insert>
    <!-- 使记录无效 -->
    <update id="disableRecordById">
        UPDATE t_user set state = 0 WHERE id=#{id,jdbcType=BIGINT} and state <![CDATA[<>]]> 0
    </update>

    <update id="removeOrg">
        UPDATE t_user set accountState = 2, orgId = null WHERE orgId= #{orgId,jdbcType=BIGINT}
    </update>

    <!--批量删除-->
    <delete id="deleteByCondition" parameterType="com.neo.cornerstone.management.admin.model.params.BaseParams" >
        DELETE t FROM t_user t
        <include refid="Example_Where_Clause"/>
    </delete>
    <!-- 修改记录，只修改只不为空的字段 -->
    <update id="updateById" parameterType="com.neo.cornerstone.management.admin.model.User" >
        UPDATE t_user
        <set>
            <if test="username != null and username != ''">
                username=#{username,jdbcType=VARCHAR},
            </if>
            <if test="realName != null and realName != ''">
                realName=#{realName,jdbcType=VARCHAR},
            </if>
            <if test="email != null and email != ''">
                email=#{email,jdbcType=VARCHAR},
            </if>
            <if test="mobile != null and mobile != ''">
                mobile=#{mobile,jdbcType=VARCHAR},
            </if>
            <if test="pwd != null and pwd != ''">
                pwd=#{pwd,jdbcType=VARCHAR},
            </if>
            <if test="orgId != null ">
                orgId=#{orgId,jdbcType=BIGINT},
            </if>
            <if test="accountState != null ">
                accountState=#{accountState,jdbcType=INTEGER},
            </if>
            <if test="pwdState != null ">
                pwdState=#{pwdState,jdbcType=INTEGER},
            </if>
            <if test="state != null ">
                state=#{state,jdbcType=INTEGER},
            </if>
            <if test="createTime != null ">
                createTime=#{createTime,jdbcType=TIMESTAMP},
            </if>
            <if test="modTime != null ">
                modTime=#{modTime,jdbcType=TIMESTAMP}
            </if>
        </set>
        WHERE id=#{id,jdbcType=BIGINT}
    </update>

    <!-- 使记录生效 -->
    <update id="enableRecordById">
        UPDATE t_user
        <set>
            state=1
        </set>
        WHERE id=#{id,jdbcType=BIGINT}
    </update>
    <!-- 根据id查询记录 -->
    <select id="queryById"  resultMap="BaseResultMap">
        SELECT <include refid="Base_Column_List" />
        FROM t_user t WHERE t.id=#{id,jdbcType=BIGINT}
    </select>
    <!-- 根据条件查询记录 -->
    <select id="queryByCondition"  resultMap="BaseResultMap" parameterType="com.neo.cornerstone.management.admin.model.params.BaseParams" >
        SELECT <include refid="Base_Column_List" />
        FROM t_user t
        <include refid="Example_Where_Clause"/>
    </select>
    <!-- 根据条件查询记录 -->
    <select id="queryListByCondition"  resultMap="BaseResultMap" parameterType="com.neo.cornerstone.management.admin.model.params.BaseParams" >
        SELECT <include refid="Base_Column_List" />
        FROM t_user t
        <include refid="Example_Where_Clause"/>
    </select>
    <!-- 列表总数-->
    <select id="queryCountByCondition" resultType="java.lang.Integer">
        SELECT COUNT(1) FROM t_user t
        <include refid="Example_Where_Clause"/>
    </select>
    <select id="queryPageListExt" resultMap="ExtBaseResultMap">
        SELECT
        <include refid="Ext_Base_Column_List"/>
        FROM t_user t left join t_organization t1 on t.orgId = t1.id
        <include refid="Example_Where_Page_Clause"/>
        order by t.id desc limit #{offset,jdbcType=BIGINT},#{pageSize,jdbcType=BIGINT}
    </select>
    <!-- 列表总数-->
    <select id="queryPageCountListExt" resultType="java.lang.Integer">
        SELECT COUNT(1) FROM t_user t
        <include refid="Example_Where_Page_Clause"/>
    </select>
</mapper>