<?xml version="1.0" encoding="UTF-8"?>
<!DOCTYPE mapper PUBLIC "-//mybatis.org//DTD Mapper 3.0//EN" "http://mybatis.org/dtd/mybatis-3-mapper.dtd">
<mapper namespace="com.neo.cornerstone.management.admin.mapper.UserRoleMapper">
    <!-- t_user_role table all BaseResultMap-->
    <resultMap id="BaseResultMap" type="com.neo.cornerstone.management.admin.model.UserRole">
        <result column="id"  property="id" jdbcType="BIGINT"/>
        <result column="userId"  property="userId" jdbcType="BIGINT"/>
        <result column="roleId"  property="roleId" jdbcType="BIGINT"/>
        <result column="state"  property="state" jdbcType="INTEGER"/>
        <result column="createTime"  property="createTime" jdbcType="TIMESTAMP"/>
        <result column="modTime"  property="modTime" jdbcType="TIMESTAMP"/>
    </resultMap>
    <resultMap id="ExtBaseResultMap" type="com.neo.cornerstone.management.admin.model.ext.UserRoleExt"
               extends="com.neo.cornerstone.management.admin.mapper.UserRoleMapper.BaseResultMap">
        <result column="roleName"  property="roleName" jdbcType="VARCHAR"/>
    </resultMap>
    <resultMap id="ExtBaseResultMap2" type="com.neo.cornerstone.management.admin.model.ext.UserRoleExt"
               extends="com.neo.cornerstone.management.admin.mapper.UserRoleMapper.BaseResultMap">
        <collection property="roleMenuExtList" column="roleId" javaType="ArrayList" ofType="com.neo.cornerstone.management.admin.model.ext.RoleMenuExt"
                    select="com.neo.cornerstone.management.admin.mapper.RoleMenuMapper.queryByRoleId" />
    </resultMap>
    <resultMap id="ExtBaseResultMap3" type="com.neo.cornerstone.management.admin.model.ext.UserRoleExt"
               extends="com.neo.cornerstone.management.admin.mapper.UserRoleMapper.BaseResultMap">
        <collection property="rolePermissionExtList" column="roleId" javaType="ArrayList" ofType="com.neo.cornerstone.management.admin.model.ext.RolePermissionExt"
                    select="com.neo.cornerstone.management.admin.mapper.RolePermissionMapper.queryByRoleId" />
    </resultMap>
    <!-- t_user_role table all fields-->
    <sql id="Base_Column_List" >
        t.id,
        t.userId,
        t.roleId,
        t.state,
        t.createTime,
        t.modTime
    </sql>
    <sql id="Ext_Base_Column_List" >
        t.id,
        t.userId,
        t.roleId,
        t.state,
        t.createTime,
        t.modTime,
        t1.name as roleName
    </sql>
    <!-- 查询条件 -->
    <sql id="Example_Where_Clause">
        <where>
            <if test="id != null ">
                AND t.id=#{id,jdbcType=BIGINT}
            </if>
            <if test="userId != null ">
                AND t.userId=#{userId,jdbcType=BIGINT}
            </if>
            <if test="roleId != null ">
                AND t.roleId=#{roleId,jdbcType=BIGINT}
            </if>
            <if test="state != null ">
                AND t.state=#{state,jdbcType=INTEGER}
            </if>
            <if test="createTime != null ">
                AND t.createTime=#{createTime,jdbcType=TIMESTAMP}
            </if>
            <if test="modTime != null ">
                AND t.modTime=#{modTime,jdbcType=TIMESTAMP}
            </if>

        </where>
    </sql>

    <update id="deleteById">
        DELETE FROM  t_user_role  WHERE id=#{id,jdbcType=BIGINT}
    </update>

    <!-- 插入记录 -->
    <insert id="saveModel"  keyProperty="id" useGeneratedKeys="true" parameterType="com.neo.cornerstone.management.admin.model.UserRole" >
        INSERT INTO t_user_role(userId,roleId,state,createTime,modTime)
        VALUES(#{userId,jdbcType=BIGINT},#{roleId,jdbcType=BIGINT},#{state,jdbcType=INTEGER},#{createTime,jdbcType=TIMESTAMP},#{modTime,jdbcType=TIMESTAMP})
    </insert>
    <!--批量插入记录 -->
    <insert id="saveListModel" parameterType="java.util.List">
        INSERT INTO t_user_role(userId,roleId,state,createTime,modTime) VALUES
        <foreach collection="list" item="item" index="index" separator=",">
            (#{item.userId,jdbcType=BIGINT},#{item.roleId,jdbcType=BIGINT},#{item.state,jdbcType=INTEGER},#{item.createTime,jdbcType=TIMESTAMP},#{item.modTime,jdbcType=TIMESTAMP})
        </foreach>
    </insert>
    <!-- 使记录无效 -->
    <update id="disableRecordById">
        UPDATE t_user_role set state = 0 WHERE id=#{id,jdbcType=BIGINT} and state <![CDATA[<>]]> 0
    </update>
    <!--批量删除-->
    <delete id="deleteByCondition" parameterType="com.neo.cornerstone.management.admin.model.params.BaseParams" >
        DELETE t FROM t_user_role t
        <include refid="Example_Where_Clause"/>
    </delete>
    <!-- 修改记录，只修改只不为空的字段 -->
    <update id="updateById" parameterType="com.neo.cornerstone.management.admin.model.UserRole" >
        UPDATE t_user_role
        <set>
            <if test="userId != null ">
                userId=#{userId,jdbcType=BIGINT},
            </if>
            <if test="roleId != null ">
                roleId=#{roleId,jdbcType=BIGINT},
            </if>
            <if test="state != null ">
                state=#{state,jdbcType=INTEGER},
            </if>
            <if test="createTime != null ">
                createTime=#{createTime,jdbcType=TIMESTAMP},
            </if>
            <if test="modTime != null ">
                modTime=#{modTime,jdbcType=TIMESTAMP}
            </if>
        </set>
        WHERE id=#{id,jdbcType=BIGINT}
    </update>

    <!-- 使记录生效 -->
    <update id="enableRecordById">
        UPDATE t_user_role
        <set>
            state=1
        </set>
        WHERE id=#{id,jdbcType=BIGINT}
    </update>
    <!-- 根据id查询记录 -->
    <select id="queryById"  resultMap="BaseResultMap">
        SELECT <include refid="Base_Column_List" />
        FROM t_user_role t WHERE t.id=#{id,jdbcType=BIGINT}
    </select>
    <!-- 根据条件查询记录 -->
    <select id="queryByCondition"  resultMap="BaseResultMap" parameterType="com.neo.cornerstone.management.admin.model.params.BaseParams" >
        SELECT <include refid="Base_Column_List" />
        FROM t_user_role t
        <include refid="Example_Where_Clause"/>
    </select>

    <select id="queryByUserId"  resultMap="ExtBaseResultMap" >
        SELECT <include refid="Ext_Base_Column_List" />
        FROM t_user_role t left  join t_role t1 on t.roleId = t1.id
        WHERE t.userId=#{userId,jdbcType=BIGINT}
    </select>

    <select id="queryRoleMenuByUserId"  resultMap="ExtBaseResultMap2" >
        SELECT <include refid="Base_Column_List" />
        FROM t_user_role t left join t_role t1 on t.roleId = t1.id
        WHERE t.userId=#{userId,jdbcType=BIGINT}
        and t.state = 1 and t1.state = 1
    </select>

    <select id="queryRolePermissionByUserId"  resultMap="ExtBaseResultMap3" >
        SELECT <include refid="Base_Column_List" />
        FROM t_user_role t left join t_role t1 on t.roleId = t1.id
        WHERE t.userId=#{userId,jdbcType=BIGINT} and t.state = 1 and t1.state = 1
    </select>


    <!-- 根据条件查询记录 -->
    <select id="queryListByCondition"  resultMap="BaseResultMap" parameterType="com.neo.cornerstone.management.admin.model.params.BaseParams" >
        SELECT <include refid="Base_Column_List" />
        FROM t_user_role t
        <include refid="Example_Where_Clause"/>
    </select>
    <!-- 列表总数-->
    <select id="queryCountByCondition" resultType="java.lang.Integer">
        SELECT COUNT(1) FROM t_user_role t
        <include refid="Example_Where_Clause"/>
    </select>
</mapper>